"LOCATION","INDICATOR","SUBJECT","MEASURE","FREQUENCY","TIME","Value","Flag Codes"
"AUS","AIREMISSION","CO2","TONNE_CAP","A","2017",15.97,
"AUS","AIREMISSION","CO2","TONNE_CAP","A","2018",15.67,
"AUS","AIREMISSION","CO2","TONNE_CAP","A","2019",15.35,
"AUS","AIREMISSION","CO2","TONNE_CAP","A","2020",14.57,
"AUS","AIREMISSION","CO2","TONNE_CAP","A","2021",14.71,
"AUT","AIREMISSION","CO2","TONNE_CAP","A","2017",7.3,
"AUT","AIREMISSION","CO2","TONNE_CAP","A","2018",6.94,
"AUT","AIREMISSION","CO2","TONNE_CAP","A","2019",7.07,
"AUT","AIREMISSION","CO2","TONNE_CAP","A","2020",6.43,
"AUT","AIREMISSION","CO2","TONNE_CAP","A","2021",6.72,
"BEL","AIREMISSION","CO2","TONNE_CAP","A","2017",7.94,
"BEL","AIREMISSION","CO2","TONNE_CAP","A","2018",7.96,
"BEL","AIREMISSION","CO2","TONNE_CAP","A","2019",7.85,
"BEL","AIREMISSION","CO2","TONNE_CAP","A","2020",7.17,
"BEL","AIREMISSION","CO2","TONNE_CAP","A","2021",7.48,
"CAN","AIREMISSION","CO2","TONNE_CAP","A","2017",15.29,
"CAN","AIREMISSION","CO2","TONNE_CAP","A","2018",15.38,
"CAN","AIREMISSION","CO2","TONNE_CAP","A","2019",14.81,
"CAN","AIREMISSION","CO2","TONNE_CAP","A","2020",13.36,
"CAN","AIREMISSION","CO2","TONNE_CAP","A","2021",13.83,
"CZE","AIREMISSION","CO2","TONNE_CAP","A","2017",9.62,
"CZE","AIREMISSION","CO2","TONNE_CAP","A","2018",9.49,
"CZE","AIREMISSION","CO2","TONNE_CAP","A","2019",8.97,
"CZE","AIREMISSION","CO2","TONNE_CAP","A","2020",8.13,
"CZE","AIREMISSION","CO2","TONNE_CAP","A","2021",8.53,
"DNK","AIREMISSION","CO2","TONNE_CAP","A","2017",5.51,
"DNK","AIREMISSION","CO2","TONNE_CAP","A","2018",5.48,
"DNK","AIREMISSION","CO2","TONNE_CAP","A","2019",4.87,
"DNK","AIREMISSION","CO2","TONNE_CAP","A","2020",4.45,
"DNK","AIREMISSION","CO2","TONNE_CAP","A","2021",4.86,
"FIN","AIREMISSION","CO2","TONNE_CAP","A","2017",7.7,
"FIN","AIREMISSION","CO2","TONNE_CAP","A","2018",7.94,
"FIN","AIREMISSION","CO2","TONNE_CAP","A","2019",7.32,
"FIN","AIREMISSION","CO2","TONNE_CAP","A","2020",6.47,
"FIN","AIREMISSION","CO2","TONNE_CAP","A","2021",6.48,
"FRA","AIREMISSION","CO2","TONNE_CAP","A","2017",4.64,
"FRA","AIREMISSION","CO2","TONNE_CAP","A","2018",4.45,
"FRA","AIREMISSION","CO2","TONNE_CAP","A","2019",4.34,
"FRA","AIREMISSION","CO2","TONNE_CAP","A","2020",3.84,
"FRA","AIREMISSION","CO2","TONNE_CAP","A","2021",4.2,
"DEU","AIREMISSION","CO2","TONNE_CAP","A","2017",8.7,
"DEU","AIREMISSION","CO2","TONNE_CAP","A","2018",8.38,
"DEU","AIREMISSION","CO2","TONNE_CAP","A","2019",7.77,
"DEU","AIREMISSION","CO2","TONNE_CAP","A","2020",7.1,
"DEU","AIREMISSION","CO2","TONNE_CAP","A","2021",7.48,
"GRC","AIREMISSION","CO2","TONNE_CAP","A","2017",5.87,
"GRC","AIREMISSION","CO2","TONNE_CAP","A","2018",5.74,
"GRC","AIREMISSION","CO2","TONNE_CAP","A","2019",5.28,
"GRC","AIREMISSION","CO2","TONNE_CAP","A","2020",4.48,
"GRC","AIREMISSION","CO2","TONNE_CAP","A","2021",4.54,
"HUN","AIREMISSION","CO2","TONNE_CAP","A","2017",4.97,
"HUN","AIREMISSION","CO2","TONNE_CAP","A","2018",4.94,
"HUN","AIREMISSION","CO2","TONNE_CAP","A","2019",4.73,
"HUN","AIREMISSION","CO2","TONNE_CAP","A","2020",4.5,
"HUN","AIREMISSION","CO2","TONNE_CAP","A","2021",4.74,
"ISL","AIREMISSION","CO2","TONNE_CAP","A","2017",4.87,
"ISL","AIREMISSION","CO2","TONNE_CAP","A","2018",4.81,
"ISL","AIREMISSION","CO2","TONNE_CAP","A","2019",4.54,
"ISL","AIREMISSION","CO2","TONNE_CAP","A","2020",3.94,
"ISL","AIREMISSION","CO2","TONNE_CAP","A","2021",4.23,
"IRL","AIREMISSION","CO2","TONNE_CAP","A","2017",7.47,
"IRL","AIREMISSION","CO2","TONNE_CAP","A","2018",7.32,
"IRL","AIREMISSION","CO2","TONNE_CAP","A","2019",6.88,
"IRL","AIREMISSION","CO2","TONNE_CAP","A","2020",6.42,
"IRL","AIREMISSION","CO2","TONNE_CAP","A","2021",6.74,
"ITA","AIREMISSION","CO2","TONNE_CAP","A","2017",5.36,
"ITA","AIREMISSION","CO2","TONNE_CAP","A","2018",5.3,
"ITA","AIREMISSION","CO2","TONNE_CAP","A","2019",5.18,
"ITA","AIREMISSION","CO2","TONNE_CAP","A","2020",4.61,
"ITA","AIREMISSION","CO2","TONNE_CAP","A","2021",5.02,
"JPN","AIREMISSION","CO2","TONNE_CAP","A","2017",8.87,
"JPN","AIREMISSION","CO2","TONNE_CAP","A","2018",8.58,
"JPN","AIREMISSION","CO2","TONNE_CAP","A","2019",8.31,
"JPN","AIREMISSION","CO2","TONNE_CAP","A","2020",7.87,
"JPN","AIREMISSION","CO2","TONNE_CAP","A","2021",8.02,
"KOR","AIREMISSION","CO2","TONNE_CAP","A","2017",11.68,
"KOR","AIREMISSION","CO2","TONNE_CAP","A","2018",11.73,
"KOR","AIREMISSION","CO2","TONNE_CAP","A","2019",11.36,
"KOR","AIREMISSION","CO2","TONNE_CAP","A","2020",10.56,
"KOR","AIREMISSION","CO2","TONNE_CAP","A","2021",11.2,
"LUX","AIREMISSION","CO2","TONNE_CAP","A","2017",14.47,
"LUX","AIREMISSION","CO2","TONNE_CAP","A","2018",14.7,
"LUX","AIREMISSION","CO2","TONNE_CAP","A","2019",14.64,
"LUX","AIREMISSION","CO2","TONNE_CAP","A","2020",11.81,
"LUX","AIREMISSION","CO2","TONNE_CAP","A","2021",12.27,
"MEX","AIREMISSION","CO2","TONNE_CAP","A","2017",3.62,
"MEX","AIREMISSION","CO2","TONNE_CAP","A","2018",3.34,
"MEX","AIREMISSION","CO2","TONNE_CAP","A","2019",3.37,
"MEX","AIREMISSION","CO2","TONNE_CAP","A","2020",2.76,
"MEX","AIREMISSION","CO2","TONNE_CAP","A","2021",3.11,
"NLD","AIREMISSION","CO2","TONNE_CAP","A","2017",9.07,
"NLD","AIREMISSION","CO2","TONNE_CAP","A","2018",8.77,
"NLD","AIREMISSION","CO2","TONNE_CAP","A","2019",8.41,
"NLD","AIREMISSION","CO2","TONNE_CAP","A","2020",7.47,
"NLD","AIREMISSION","CO2","TONNE_CAP","A","2021",7.75,
"NZL","AIREMISSION","CO2","TONNE_CAP","A","2017",6.67,
"NZL","AIREMISSION","CO2","TONNE_CAP","A","2018",6.46,
"NZL","AIREMISSION","CO2","TONNE_CAP","A","2019",6.66,
"NZL","AIREMISSION","CO2","TONNE_CAP","A","2020",6.04,
"NZL","AIREMISSION","CO2","TONNE_CAP","A","2021",6.73,
"NOR","AIREMISSION","CO2","TONNE_CAP","A","2017",7.2,
"NOR","AIREMISSION","CO2","TONNE_CAP","A","2018",7.06,
"NOR","AIREMISSION","CO2","TONNE_CAP","A","2019",6.84,
"NOR","AIREMISSION","CO2","TONNE_CAP","A","2020",6.53,
"NOR","AIREMISSION","CO2","TONNE_CAP","A","2021",7.32,
"POL","AIREMISSION","CO2","TONNE_CAP","A","2017",7.96,
"POL","AIREMISSION","CO2","TONNE_CAP","A","2018",7.92,
"POL","AIREMISSION","CO2","TONNE_CAP","A","2019",7.48,
"POL","AIREMISSION","CO2","TONNE_CAP","A","2020",7.08,
"POL","AIREMISSION","CO2","TONNE_CAP","A","2021",7.72,
"PRT","AIREMISSION","CO2","TONNE_CAP","A","2017",4.93,
"PRT","AIREMISSION","CO2","TONNE_CAP","A","2018",4.59,
"PRT","AIREMISSION","CO2","TONNE_CAP","A","2019",4.12,
"PRT","AIREMISSION","CO2","TONNE_CAP","A","2020",3.56,
"PRT","AIREMISSION","CO2","TONNE_CAP","A","2021",3.34,
"SVK","AIREMISSION","CO2","TONNE_CAP","A","2017",5.92,
"SVK","AIREMISSION","CO2","TONNE_CAP","A","2018",5.81,
"SVK","AIREMISSION","CO2","TONNE_CAP","A","2019",5.43,
"SVK","AIREMISSION","CO2","TONNE_CAP","A","2020",5.05,
"SVK","AIREMISSION","CO2","TONNE_CAP","A","2021",5.7,
"ESP","AIREMISSION","CO2","TONNE_CAP","A","2017",5.49,
"ESP","AIREMISSION","CO2","TONNE_CAP","A","2018",5.32,
"ESP","AIREMISSION","CO2","TONNE_CAP","A","2019",4.94,
"ESP","AIREMISSION","CO2","TONNE_CAP","A","2020",4.11,
"ESP","AIREMISSION","CO2","TONNE_CAP","A","2021",4.45,
"SWE","AIREMISSION","CO2","TONNE_CAP","A","2017",3.65,
"SWE","AIREMISSION","CO2","TONNE_CAP","A","2018",3.37,
"SWE","AIREMISSION","CO2","TONNE_CAP","A","2019",3.27,
"SWE","AIREMISSION","CO2","TONNE_CAP","A","2020",3.12,
"SWE","AIREMISSION","CO2","TONNE_CAP","A","2021",3.23,
"CHE","AIREMISSION","CO2","TONNE_CAP","A","2017",4.37,
"CHE","AIREMISSION","CO2","TONNE_CAP","A","2018",4.2,
"CHE","AIREMISSION","CO2","TONNE_CAP","A","2019",4.16,
"CHE","AIREMISSION","CO2","TONNE_CAP","A","2020",3.85,
"CHE","AIREMISSION","CO2","TONNE_CAP","A","2021",3.78,
"TUR","AIREMISSION","CO2","TONNE_CAP","A","2017",4.71,
"TUR","AIREMISSION","CO2","TONNE_CAP","A","2018",4.6,
"TUR","AIREMISSION","CO2","TONNE_CAP","A","2019",4.44,
"TUR","AIREMISSION","CO2","TONNE_CAP","A","2020",4.4,
"TUR","AIREMISSION","CO2","TONNE_CAP","A","2021",4.65,
"GBR","AIREMISSION","CO2","TONNE_CAP","A","2017",5.45,
"GBR","AIREMISSION","CO2","TONNE_CAP","A","2018",5.33,
"GBR","AIREMISSION","CO2","TONNE_CAP","A","2019",5.08,
"GBR","AIREMISSION","CO2","TONNE_CAP","A","2020",4.51,
"GBR","AIREMISSION","CO2","TONNE_CAP","A","2021",4.94,
"USA","AIREMISSION","CO2","TONNE_CAP","A","2017",14.64,
"USA","AIREMISSION","CO2","TONNE_CAP","A","2018",15.02,
"USA","AIREMISSION","CO2","TONNE_CAP","A","2019",14.44,
"USA","AIREMISSION","CO2","TONNE_CAP","A","2020",12.9,
"USA","AIREMISSION","CO2","TONNE_CAP","A","2021",13.56,
"OEU","AIREMISSION","CO2","TONNE_CAP","A","2017",6.16,
"OEU","AIREMISSION","CO2","TONNE_CAP","A","2018",6,
"OEU","AIREMISSION","CO2","TONNE_CAP","A","2019",5.7,
"OEU","AIREMISSION","CO2","TONNE_CAP","A","2020",5.18,
"OEU","AIREMISSION","CO2","TONNE_CAP","A","2021",5.53,
"ALB","AIREMISSION","CO2","TONNE_CAP","A","2017",1.53,
"ALB","AIREMISSION","CO2","TONNE_CAP","A","2018",1.53,
"ALB","AIREMISSION","CO2","TONNE_CAP","A","2019",1.43,
"ALB","AIREMISSION","CO2","TONNE_CAP","A","2020",1.2,
"ALB","AIREMISSION","CO2","TONNE_CAP","A","2021",,"L"
"DZA","AIREMISSION","CO2","TONNE_CAP","A","2017",3.15,
"DZA","AIREMISSION","CO2","TONNE_CAP","A","2018",3.25,
"DZA","AIREMISSION","CO2","TONNE_CAP","A","2019",3.31,
"DZA","AIREMISSION","CO2","TONNE_CAP","A","2020",3.07,
"DZA","AIREMISSION","CO2","TONNE_CAP","A","2021",,"L"
"ARG","AIREMISSION","CO2","TONNE_CAP","A","2017",3.95,
"ARG","AIREMISSION","CO2","TONNE_CAP","A","2018",3.85,
"ARG","AIREMISSION","CO2","TONNE_CAP","A","2019",3.61,
"ARG","AIREMISSION","CO2","TONNE_CAP","A","2020",3.28,
"ARG","AIREMISSION","CO2","TONNE_CAP","A","2021",3.62,
"ARM","AIREMISSION","CO2","TONNE_CAP","A","2017",1.75,
"ARM","AIREMISSION","CO2","TONNE_CAP","A","2018",1.83,
"ARM","AIREMISSION","CO2","TONNE_CAP","A","2019",1.98,
"ARM","AIREMISSION","CO2","TONNE_CAP","A","2020",2.14,
"ARM","AIREMISSION","CO2","TONNE_CAP","A","2021",,"L"
"AZE","AIREMISSION","CO2","TONNE_CAP","A","2017",3.12,
"AZE","AIREMISSION","CO2","TONNE_CAP","A","2018",3.15,
"AZE","AIREMISSION","CO2","TONNE_CAP","A","2019",3.4,
"AZE","AIREMISSION","CO2","TONNE_CAP","A","2020",3.26,
"AZE","AIREMISSION","CO2","TONNE_CAP","A","2021",,"L"
"BGD","AIREMISSION","CO2","TONNE_CAP","A","2017",0.54,
"BGD","AIREMISSION","CO2","TONNE_CAP","A","2018",0.59,
"BGD","AIREMISSION","CO2","TONNE_CAP","A","2019",0.56,
"BGD","AIREMISSION","CO2","TONNE_CAP","A","2020",0.51,
"BGD","AIREMISSION","CO2","TONNE_CAP","A","2021",,"L"
"BLR","AIREMISSION","CO2","TONNE_CAP","A","2017",5.71,
"BLR","AIREMISSION","CO2","TONNE_CAP","A","2018",6.05,
"BLR","AIREMISSION","CO2","TONNE_CAP","A","2019",5.88,
"BLR","AIREMISSION","CO2","TONNE_CAP","A","2020",5.6,
"BLR","AIREMISSION","CO2","TONNE_CAP","A","2021",,"L"
"BIH","AIREMISSION","CO2","TONNE_CAP","A","2017",6.67,
"BIH","AIREMISSION","CO2","TONNE_CAP","A","2018",6.69,
"BIH","AIREMISSION","CO2","TONNE_CAP","A","2019",6.29,
"BIH","AIREMISSION","CO2","TONNE_CAP","A","2020",6.25,
"BIH","AIREMISSION","CO2","TONNE_CAP","A","2021",,"L"
"BRA","AIREMISSION","CO2","TONNE_CAP","A","2017",2.09,
"BRA","AIREMISSION","CO2","TONNE_CAP","A","2018",1.96,
"BRA","AIREMISSION","CO2","TONNE_CAP","A","2019",1.95,
"BRA","AIREMISSION","CO2","TONNE_CAP","A","2020",1.83,
"BRA","AIREMISSION","CO2","TONNE_CAP","A","2021",2.05,
"BRN","AIREMISSION","CO2","TONNE_CAP","A","2017",15.83,
"BRN","AIREMISSION","CO2","TONNE_CAP","A","2018",16.65,
"BRN","AIREMISSION","CO2","TONNE_CAP","A","2019",15.38,
"BRN","AIREMISSION","CO2","TONNE_CAP","A","2020",21.05,
"BRN","AIREMISSION","CO2","TONNE_CAP","A","2021",,"L"
"BGR","AIREMISSION","CO2","TONNE_CAP","A","2017",6.03,
"BGR","AIREMISSION","CO2","TONNE_CAP","A","2018",5.65,
"BGR","AIREMISSION","CO2","TONNE_CAP","A","2019",5.45,
"BGR","AIREMISSION","CO2","TONNE_CAP","A","2020",4.77,
"BGR","AIREMISSION","CO2","TONNE_CAP","A","2021",,"L"
"KHM","AIREMISSION","CO2","TONNE_CAP","A","2017",0.65,
"KHM","AIREMISSION","CO2","TONNE_CAP","A","2018",0.63,
"KHM","AIREMISSION","CO2","TONNE_CAP","A","2019",0.77,
"KHM","AIREMISSION","CO2","TONNE_CAP","A","2020",0.8,
"KHM","AIREMISSION","CO2","TONNE_CAP","A","2021",,"L"
"CHL","AIREMISSION","CO2","TONNE_CAP","A","2017",4.68,
"CHL","AIREMISSION","CO2","TONNE_CAP","A","2018",4.57,
"CHL","AIREMISSION","CO2","TONNE_CAP","A","2019",4.76,
"CHL","AIREMISSION","CO2","TONNE_CAP","A","2020",4.31,
"CHL","AIREMISSION","CO2","TONNE_CAP","A","2021",4.42,
"CHN","AIREMISSION","CO2","TONNE_CAP","A","2017",6.68,
"CHN","AIREMISSION","CO2","TONNE_CAP","A","2018",6.97,
"CHN","AIREMISSION","CO2","TONNE_CAP","A","2019",7.06,
"CHN","AIREMISSION","CO2","TONNE_CAP","A","2020",7.15,
"CHN","AIREMISSION","CO2","TONNE_CAP","A","2021",,"L"
"COL","AIREMISSION","CO2","TONNE_CAP","A","2017",1.45,
"COL","AIREMISSION","CO2","TONNE_CAP","A","2018",1.51,
"COL","AIREMISSION","CO2","TONNE_CAP","A","2019",1.49,
"COL","AIREMISSION","CO2","TONNE_CAP","A","2020",1.48,
"COL","AIREMISSION","CO2","TONNE_CAP","A","2021",1.25,
"HRV","AIREMISSION","CO2","TONNE_CAP","A","2017",3.91,
"HRV","AIREMISSION","CO2","TONNE_CAP","A","2018",3.72,
"HRV","AIREMISSION","CO2","TONNE_CAP","A","2019",3.77,
"HRV","AIREMISSION","CO2","TONNE_CAP","A","2020",3.56,
"HRV","AIREMISSION","CO2","TONNE_CAP","A","2021",,"L"
"CYP","AIREMISSION","CO2","TONNE_CAP","A","2017",7.53,
"CYP","AIREMISSION","CO2","TONNE_CAP","A","2018",7.35,
"CYP","AIREMISSION","CO2","TONNE_CAP","A","2019",7.31,
"CYP","AIREMISSION","CO2","TONNE_CAP","A","2020",6.72,
"CYP","AIREMISSION","CO2","TONNE_CAP","A","2021",,"L"
"EGY","AIREMISSION","CO2","TONNE_CAP","A","2017",2.27,
"EGY","AIREMISSION","CO2","TONNE_CAP","A","2018",2.16,
"EGY","AIREMISSION","CO2","TONNE_CAP","A","2019",1.93,
"EGY","AIREMISSION","CO2","TONNE_CAP","A","2020",1.84,
"EGY","AIREMISSION","CO2","TONNE_CAP","A","2021",,"L"
"EST","AIREMISSION","CO2","TONNE_CAP","A","2017",12.51,
"EST","AIREMISSION","CO2","TONNE_CAP","A","2018",11.69,
"EST","AIREMISSION","CO2","TONNE_CAP","A","2019",7.37,
"EST","AIREMISSION","CO2","TONNE_CAP","A","2020",5.33,
"EST","AIREMISSION","CO2","TONNE_CAP","A","2021",6.25,
"ETH","AIREMISSION","CO2","TONNE_CAP","A","2017",0.12,
"ETH","AIREMISSION","CO2","TONNE_CAP","A","2018",0.12,
"ETH","AIREMISSION","CO2","TONNE_CAP","A","2019",0.13,
"ETH","AIREMISSION","CO2","TONNE_CAP","A","2020",0.13,
"ETH","AIREMISSION","CO2","TONNE_CAP","A","2021",,"L"
"GEO","AIREMISSION","CO2","TONNE_CAP","A","2017",2.45,
"GEO","AIREMISSION","CO2","TONNE_CAP","A","2018",2.41,
"GEO","AIREMISSION","CO2","TONNE_CAP","A","2019",2.56,
"GEO","AIREMISSION","CO2","TONNE_CAP","A","2020",2.51,
"GEO","AIREMISSION","CO2","TONNE_CAP","A","2021",,"L"
"GHA","AIREMISSION","CO2","TONNE_CAP","A","2017",0.5,
"GHA","AIREMISSION","CO2","TONNE_CAP","A","2018",0.55,
"GHA","AIREMISSION","CO2","TONNE_CAP","A","2019",0.58,
"GHA","AIREMISSION","CO2","TONNE_CAP","A","2020",0.61,
"GHA","AIREMISSION","CO2","TONNE_CAP","A","2021",,"L"
"HTI","AIREMISSION","CO2","TONNE_CAP","A","2017",0.3,
"HTI","AIREMISSION","CO2","TONNE_CAP","A","2018",0.29,
"HTI","AIREMISSION","CO2","TONNE_CAP","A","2019",0.29,
"HTI","AIREMISSION","CO2","TONNE_CAP","A","2020",0.28,
"HTI","AIREMISSION","CO2","TONNE_CAP","A","2021",,"L"
"HKG","AIREMISSION","CO2","TONNE_CAP","A","2017",5.85,
"HKG","AIREMISSION","CO2","TONNE_CAP","A","2018",5.79,
"HKG","AIREMISSION","CO2","TONNE_CAP","A","2019",5.68,
"HKG","AIREMISSION","CO2","TONNE_CAP","A","2020",4.59,
"HKG","AIREMISSION","CO2","TONNE_CAP","A","2021",,"L"
"IND","AIREMISSION","CO2","TONNE_CAP","A","2017",1.63,
"IND","AIREMISSION","CO2","TONNE_CAP","A","2018",1.71,
"IND","AIREMISSION","CO2","TONNE_CAP","A","2019",1.67,
"IND","AIREMISSION","CO2","TONNE_CAP","A","2020",1.5,
"IND","AIREMISSION","CO2","TONNE_CAP","A","2021",,"L"
"IDN","AIREMISSION","CO2","TONNE_CAP","A","2017",1.82,
"IDN","AIREMISSION","CO2","TONNE_CAP","A","2018",1.99,
"IDN","AIREMISSION","CO2","TONNE_CAP","A","2019",2.11,
"IDN","AIREMISSION","CO2","TONNE_CAP","A","2020",1.95,
"IDN","AIREMISSION","CO2","TONNE_CAP","A","2021",,"L"
"IRN","AIREMISSION","CO2","TONNE_CAP","A","2017",7.12,
"IRN","AIREMISSION","CO2","TONNE_CAP","A","2018",7.17,
"IRN","AIREMISSION","CO2","TONNE_CAP","A","2019",6.98,
"IRN","AIREMISSION","CO2","TONNE_CAP","A","2020",6.76,
"IRN","AIREMISSION","CO2","TONNE_CAP","A","2021",,"L"
"ISR","AIREMISSION","CO2","TONNE_CAP","A","2017",7.34,
"ISR","AIREMISSION","CO2","TONNE_CAP","A","2018",6.72,
"ISR","AIREMISSION","CO2","TONNE_CAP","A","2019",6.77,
"ISR","AIREMISSION","CO2","TONNE_CAP","A","2020",6.23,
"ISR","AIREMISSION","CO2","TONNE_CAP","A","2021",6.19,
"KAZ","AIREMISSION","CO2","TONNE_CAP","A","2017",11.42,
"KAZ","AIREMISSION","CO2","TONNE_CAP","A","2018",11.42,
"KAZ","AIREMISSION","CO2","TONNE_CAP","A","2019",10.67,
"KAZ","AIREMISSION","CO2","TONNE_CAP","A","2020",10.9,
"KAZ","AIREMISSION","CO2","TONNE_CAP","A","2021",,"L"
"LVA","AIREMISSION","CO2","TONNE_CAP","A","2017",3.44,
"LVA","AIREMISSION","CO2","TONNE_CAP","A","2018",3.76,
"LVA","AIREMISSION","CO2","TONNE_CAP","A","2019",3.66,
"LVA","AIREMISSION","CO2","TONNE_CAP","A","2020",3.36,
"LVA","AIREMISSION","CO2","TONNE_CAP","A","2021",3.52,
"LTU","AIREMISSION","CO2","TONNE_CAP","A","2017",3.81,
"LTU","AIREMISSION","CO2","TONNE_CAP","A","2018",3.98,
"LTU","AIREMISSION","CO2","TONNE_CAP","A","2019",3.99,
"LTU","AIREMISSION","CO2","TONNE_CAP","A","2020",3.99,
"LTU","AIREMISSION","CO2","TONNE_CAP","A","2021",4.02,
"MKD","AIREMISSION","CO2","TONNE_CAP","A","2017",3.58,
"MKD","AIREMISSION","CO2","TONNE_CAP","A","2018",3.35,
"MKD","AIREMISSION","CO2","TONNE_CAP","A","2019",3.83,
"MKD","AIREMISSION","CO2","TONNE_CAP","A","2020",3.28,
"MKD","AIREMISSION","CO2","TONNE_CAP","A","2021",,"L"
"MYS","AIREMISSION","CO2","TONNE_CAP","A","2017",6.78,
"MYS","AIREMISSION","CO2","TONNE_CAP","A","2018",7.23,
"MYS","AIREMISSION","CO2","TONNE_CAP","A","2019",7.23,
"MYS","AIREMISSION","CO2","TONNE_CAP","A","2020",7.08,
"MYS","AIREMISSION","CO2","TONNE_CAP","A","2021",,"L"
"MLT","AIREMISSION","CO2","TONNE_CAP","A","2017",3.25,
"MLT","AIREMISSION","CO2","TONNE_CAP","A","2018",3.2,
"MLT","AIREMISSION","CO2","TONNE_CAP","A","2019",3.29,
"MLT","AIREMISSION","CO2","TONNE_CAP","A","2020",3.07,
"MLT","AIREMISSION","CO2","TONNE_CAP","A","2021",,"L"
"MDA","AIREMISSION","CO2","TONNE_CAP","A","2017",2.73,
"MDA","AIREMISSION","CO2","TONNE_CAP","A","2018",2.94,
"MDA","AIREMISSION","CO2","TONNE_CAP","A","2019",3.11,
"MDA","AIREMISSION","CO2","TONNE_CAP","A","2020",3.07,
"MDA","AIREMISSION","CO2","TONNE_CAP","A","2021",,"L"
"MOZ","AIREMISSION","CO2","TONNE_CAP","A","2017",0.22,
"MOZ","AIREMISSION","CO2","TONNE_CAP","A","2018",0.2,
"MOZ","AIREMISSION","CO2","TONNE_CAP","A","2019",0.21,
"MOZ","AIREMISSION","CO2","TONNE_CAP","A","2020",0.19,
"MOZ","AIREMISSION","CO2","TONNE_CAP","A","2021",,"L"
"NGA","AIREMISSION","CO2","TONNE_CAP","A","2017",0.45,
"NGA","AIREMISSION","CO2","TONNE_CAP","A","2018",0.46,
"NGA","AIREMISSION","CO2","TONNE_CAP","A","2019",0.48,
"NGA","AIREMISSION","CO2","TONNE_CAP","A","2020",0.43,
"NGA","AIREMISSION","CO2","TONNE_CAP","A","2021",,"L"
"PAK","AIREMISSION","CO2","TONNE_CAP","A","2017",0.88,
"PAK","AIREMISSION","CO2","TONNE_CAP","A","2018",0.81,
"PAK","AIREMISSION","CO2","TONNE_CAP","A","2019",0.78,
"PAK","AIREMISSION","CO2","TONNE_CAP","A","2020",0.75,
"PAK","AIREMISSION","CO2","TONNE_CAP","A","2021",,"L"
"PRY","AIREMISSION","CO2","TONNE_CAP","A","2017",1.12,
"PRY","AIREMISSION","CO2","TONNE_CAP","A","2018",1.16,
"PRY","AIREMISSION","CO2","TONNE_CAP","A","2019",1.11,
"PRY","AIREMISSION","CO2","TONNE_CAP","A","2020",1.02,
"PRY","AIREMISSION","CO2","TONNE_CAP","A","2021",,"L"
"PER","AIREMISSION","CO2","TONNE_CAP","A","2017",1.58,
"PER","AIREMISSION","CO2","TONNE_CAP","A","2018",1.57,
"PER","AIREMISSION","CO2","TONNE_CAP","A","2019",1.61,
"PER","AIREMISSION","CO2","TONNE_CAP","A","2020",1.29,
"PER","AIREMISSION","CO2","TONNE_CAP","A","2021",,"L"
"PHL","AIREMISSION","CO2","TONNE_CAP","A","2017",1.17,
"PHL","AIREMISSION","CO2","TONNE_CAP","A","2018",1.2,
"PHL","AIREMISSION","CO2","TONNE_CAP","A","2019",1.25,
"PHL","AIREMISSION","CO2","TONNE_CAP","A","2020",1.14,
"PHL","AIREMISSION","CO2","TONNE_CAP","A","2021",,"L"
"ROU","AIREMISSION","CO2","TONNE_CAP","A","2017",3.62,
"ROU","AIREMISSION","CO2","TONNE_CAP","A","2018",3.68,
"ROU","AIREMISSION","CO2","TONNE_CAP","A","2019",3.62,
"ROU","AIREMISSION","CO2","TONNE_CAP","A","2020",3.36,
"ROU","AIREMISSION","CO2","TONNE_CAP","A","2021",,"L"
"RUS","AIREMISSION","CO2","TONNE_CAP","A","2017",10.64,
"RUS","AIREMISSION","CO2","TONNE_CAP","A","2018",11.09,
"RUS","AIREMISSION","CO2","TONNE_CAP","A","2019",11.36,
"RUS","AIREMISSION","CO2","TONNE_CAP","A","2020",10.77,
"RUS","AIREMISSION","CO2","TONNE_CAP","A","2021",,"L"
"SAU","AIREMISSION","CO2","TONNE_CAP","A","2017",15.75,
"SAU","AIREMISSION","CO2","TONNE_CAP","A","2018",14.78,
"SAU","AIREMISSION","CO2","TONNE_CAP","A","2019",14.54,
"SAU","AIREMISSION","CO2","TONNE_CAP","A","2020",13.89,
"SAU","AIREMISSION","CO2","TONNE_CAP","A","2021",,"L"
"SGP","AIREMISSION","CO2","TONNE_CAP","A","2017",8.43,
"SGP","AIREMISSION","CO2","TONNE_CAP","A","2018",8.02,
"SGP","AIREMISSION","CO2","TONNE_CAP","A","2019",7.92,
"SGP","AIREMISSION","CO2","TONNE_CAP","A","2020",7.69,
"SGP","AIREMISSION","CO2","TONNE_CAP","A","2021",,"L"
"SVN","AIREMISSION","CO2","TONNE_CAP","A","2017",6.64,
"SVN","AIREMISSION","CO2","TONNE_CAP","A","2018",6.58,
"SVN","AIREMISSION","CO2","TONNE_CAP","A","2019",6.31,
"SVN","AIREMISSION","CO2","TONNE_CAP","A","2020",5.71,
"SVN","AIREMISSION","CO2","TONNE_CAP","A","2021",5.67,
"ZAF","AIREMISSION","CO2","TONNE_CAP","A","2017",7.54,
"ZAF","AIREMISSION","CO2","TONNE_CAP","A","2018",7.51,
"ZAF","AIREMISSION","CO2","TONNE_CAP","A","2019",7.53,
"ZAF","AIREMISSION","CO2","TONNE_CAP","A","2020",6.54,
"ZAF","AIREMISSION","CO2","TONNE_CAP","A","2021",,"L"
"SDN","AIREMISSION","CO2","TONNE_CAP","A","2017",0.48,
"SDN","AIREMISSION","CO2","TONNE_CAP","A","2018",0.47,
"SDN","AIREMISSION","CO2","TONNE_CAP","A","2019",0.47,
"SDN","AIREMISSION","CO2","TONNE_CAP","A","2020",0.43,
"SDN","AIREMISSION","CO2","TONNE_CAP","A","2021",,"L"
"TWN","AIREMISSION","CO2","TONNE_CAP","A","2017",11.3,
"TWN","AIREMISSION","CO2","TONNE_CAP","A","2018",11.15,
"TWN","AIREMISSION","CO2","TONNE_CAP","A","2019",10.77,
"TWN","AIREMISSION","CO2","TONNE_CAP","A","2020",10.71,
"TWN","AIREMISSION","CO2","TONNE_CAP","A","2021",,"L"
"TZA","AIREMISSION","CO2","TONNE_CAP","A","2017",0.18,
"TZA","AIREMISSION","CO2","TONNE_CAP","A","2018",0.18,
"TZA","AIREMISSION","CO2","TONNE_CAP","A","2019",0.21,
"TZA","AIREMISSION","CO2","TONNE_CAP","A","2020",0.2,
"TZA","AIREMISSION","CO2","TONNE_CAP","A","2021",,"L"
"THA","AIREMISSION","CO2","TONNE_CAP","A","2017",3.53,
"THA","AIREMISSION","CO2","TONNE_CAP","A","2018",3.48,
"THA","AIREMISSION","CO2","TONNE_CAP","A","2019",3.61,
"THA","AIREMISSION","CO2","TONNE_CAP","A","2020",3.48,
"THA","AIREMISSION","CO2","TONNE_CAP","A","2021",,"L"
"UKR","AIREMISSION","CO2","TONNE_CAP","A","2017",3.82,
"UKR","AIREMISSION","CO2","TONNE_CAP","A","2018",4.07,
"UKR","AIREMISSION","CO2","TONNE_CAP","A","2019",3.84,
"UKR","AIREMISSION","CO2","TONNE_CAP","A","2020",3.66,
"UKR","AIREMISSION","CO2","TONNE_CAP","A","2021",,"L"
"ARE","AIREMISSION","CO2","TONNE_CAP","A","2017",19.39,
"ARE","AIREMISSION","CO2","TONNE_CAP","A","2018",17.24,
"ARE","AIREMISSION","CO2","TONNE_CAP","A","2019",18.21,
"ARE","AIREMISSION","CO2","TONNE_CAP","A","2020",18.28,
"ARE","AIREMISSION","CO2","TONNE_CAP","A","2021",,"L"
"URY","AIREMISSION","CO2","TONNE_CAP","A","2017",1.68,
"URY","AIREMISSION","CO2","TONNE_CAP","A","2018",1.81,
"URY","AIREMISSION","CO2","TONNE_CAP","A","2019",1.88,
"URY","AIREMISSION","CO2","TONNE_CAP","A","2020",1.78,
"URY","AIREMISSION","CO2","TONNE_CAP","A","2021",,"L"
"VNM","AIREMISSION","CO2","TONNE_CAP","A","2017",1.96,
"VNM","AIREMISSION","CO2","TONNE_CAP","A","2018",2.46,
"VNM","AIREMISSION","CO2","TONNE_CAP","A","2019",2.94,
"VNM","AIREMISSION","CO2","TONNE_CAP","A","2020",3.02,
"VNM","AIREMISSION","CO2","TONNE_CAP","A","2021",,"L"
"ZMB","AIREMISSION","CO2","TONNE_CAP","A","2017",0.35,
"ZMB","AIREMISSION","CO2","TONNE_CAP","A","2018",0.39,
"ZMB","AIREMISSION","CO2","TONNE_CAP","A","2019",0.37,
"ZMB","AIREMISSION","CO2","TONNE_CAP","A","2020",0.36,
"ZMB","AIREMISSION","CO2","TONNE_CAP","A","2021",,"L"
"WLD","AIREMISSION","CO2","TONNE_CAP","A","2017",4.38,
"WLD","AIREMISSION","CO2","TONNE_CAP","A","2018",4.44,
"WLD","AIREMISSION","CO2","TONNE_CAP","A","2019",4.38,
"WLD","AIREMISSION","CO2","TONNE_CAP","A","2020",4.08,
"WLD","AIREMISSION","CO2","TONNE_CAP","A","2021",,"L"
"SRB","AIREMISSION","CO2","TONNE_CAP","A","2017",6.63,
"SRB","AIREMISSION","CO2","TONNE_CAP","A","2018",6.49,
"SRB","AIREMISSION","CO2","TONNE_CAP","A","2019",6.5,
"SRB","AIREMISSION","CO2","TONNE_CAP","A","2020",6.56,
"SRB","AIREMISSION","CO2","TONNE_CAP","A","2021",,"L"
"MNE","AIREMISSION","CO2","TONNE_CAP","A","2017",3.65,
"MNE","AIREMISSION","CO2","TONNE_CAP","A","2018",4.02,
"MNE","AIREMISSION","CO2","TONNE_CAP","A","2019",4.18,
"MNE","AIREMISSION","CO2","TONNE_CAP","A","2020",4.07,
"MNE","AIREMISSION","CO2","TONNE_CAP","A","2021",,"L"
"OECD","AIREMISSION","CO2","TONNE_CAP","A","2017",8.67,
"OECD","AIREMISSION","CO2","TONNE_CAP","A","2018",8.64,
"OECD","AIREMISSION","CO2","TONNE_CAP","A","2019",8.31,
"OECD","AIREMISSION","CO2","TONNE_CAP","A","2020",7.52,
"OECD","AIREMISSION","CO2","TONNE_CAP","A","2021",7.91,
"EU28","AIREMISSION","CO2","TONNE_CAP","A","2017",6.29,
"EU28","AIREMISSION","CO2","TONNE_CAP","A","2018",6.13,
"EU28","AIREMISSION","CO2","TONNE_CAP","A","2019",5.82,
"EU28","AIREMISSION","CO2","TONNE_CAP","A","2020",5.23,
"EU28","AIREMISSION","CO2","TONNE_CAP","A","2021",5.98,
"G20","AIREMISSION","CO2","TONNE_CAP","A","2017",5.58,
"G20","AIREMISSION","CO2","TONNE_CAP","A","2018",5.68,
"G20","AIREMISSION","CO2","TONNE_CAP","A","2019",5.6,
"G20","AIREMISSION","CO2","TONNE_CAP","A","2020",5.3,
"G20","AIREMISSION","CO2","TONNE_CAP","A","2021",,"L"
"AGO","AIREMISSION","CO2","TONNE_CAP","A","2017",0.56,
"AGO","AIREMISSION","CO2","TONNE_CAP","A","2018",0.56,
"AGO","AIREMISSION","CO2","TONNE_CAP","A","2019",0.59,
"AGO","AIREMISSION","CO2","TONNE_CAP","A","2020",0.46,
"AGO","AIREMISSION","CO2","TONNE_CAP","A","2021",,"L"
"BHR","AIREMISSION","CO2","TONNE_CAP","A","2017",19.92,
"BHR","AIREMISSION","CO2","TONNE_CAP","A","2018",19.22,
"BHR","AIREMISSION","CO2","TONNE_CAP","A","2019",19.86,
"BHR","AIREMISSION","CO2","TONNE_CAP","A","2020",18.87,
"BHR","AIREMISSION","CO2","TONNE_CAP","A","2021",,"L"
"BEN","AIREMISSION","CO2","TONNE_CAP","A","2017",0.6,
"BEN","AIREMISSION","CO2","TONNE_CAP","A","2018",0.63,
"BEN","AIREMISSION","CO2","TONNE_CAP","A","2019",0.6,
"BEN","AIREMISSION","CO2","TONNE_CAP","A","2020",0.63,
"BEN","AIREMISSION","CO2","TONNE_CAP","A","2021",,"L"
"BOL","AIREMISSION","CO2","TONNE_CAP","A","2017",1.8,
"BOL","AIREMISSION","CO2","TONNE_CAP","A","2018",1.79,
"BOL","AIREMISSION","CO2","TONNE_CAP","A","2019",1.76,
"BOL","AIREMISSION","CO2","TONNE_CAP","A","2020",1.46,
"BOL","AIREMISSION","CO2","TONNE_CAP","A","2021",,"L"
"BWA","AIREMISSION","CO2","TONNE_CAP","A","2017",3.33,
"BWA","AIREMISSION","CO2","TONNE_CAP","A","2018",3.58,
"BWA","AIREMISSION","CO2","TONNE_CAP","A","2019",3.12,
"BWA","AIREMISSION","CO2","TONNE_CAP","A","2020",2.45,
"BWA","AIREMISSION","CO2","TONNE_CAP","A","2021",,"L"
"CMR","AIREMISSION","CO2","TONNE_CAP","A","2017",0.26,
"CMR","AIREMISSION","CO2","TONNE_CAP","A","2018",0.27,
"CMR","AIREMISSION","CO2","TONNE_CAP","A","2019",0.26,
"CMR","AIREMISSION","CO2","TONNE_CAP","A","2020",0.26,
"CMR","AIREMISSION","CO2","TONNE_CAP","A","2021",,"L"
"COG","AIREMISSION","CO2","TONNE_CAP","A","2017",0.56,
"COG","AIREMISSION","CO2","TONNE_CAP","A","2018",0.57,
"COG","AIREMISSION","CO2","TONNE_CAP","A","2019",0.66,
"COG","AIREMISSION","CO2","TONNE_CAP","A","2020",0.64,
"COG","AIREMISSION","CO2","TONNE_CAP","A","2021",,"L"
"CRI","AIREMISSION","CO2","TONNE_CAP","A","2017",1.55,
"CRI","AIREMISSION","CO2","TONNE_CAP","A","2018",1.53,
"CRI","AIREMISSION","CO2","TONNE_CAP","A","2019",1.48,
"CRI","AIREMISSION","CO2","TONNE_CAP","A","2020",1.29,
"CRI","AIREMISSION","CO2","TONNE_CAP","A","2021",1.44,
"CIV","AIREMISSION","CO2","TONNE_CAP","A","2017",0.43,
"CIV","AIREMISSION","CO2","TONNE_CAP","A","2018",0.4,
"CIV","AIREMISSION","CO2","TONNE_CAP","A","2019",0.42,
"CIV","AIREMISSION","CO2","TONNE_CAP","A","2020",0.41,
"CIV","AIREMISSION","CO2","TONNE_CAP","A","2021",,"L"
"CUB","AIREMISSION","CO2","TONNE_CAP","A","2017",2.26,
"CUB","AIREMISSION","CO2","TONNE_CAP","A","2018",2.29,
"CUB","AIREMISSION","CO2","TONNE_CAP","A","2019",2.1,
"CUB","AIREMISSION","CO2","TONNE_CAP","A","2020",2.11,
"CUB","AIREMISSION","CO2","TONNE_CAP","A","2021",,"L"
"PRK","AIREMISSION","CO2","TONNE_CAP","A","2017",2.03,
"PRK","AIREMISSION","CO2","TONNE_CAP","A","2018",1.88,
"PRK","AIREMISSION","CO2","TONNE_CAP","A","2019",2.08,
"PRK","AIREMISSION","CO2","TONNE_CAP","A","2020",1.95,
"PRK","AIREMISSION","CO2","TONNE_CAP","A","2021",,"L"
"COD","AIREMISSION","CO2","TONNE_CAP","A","2017",0.03,
"COD","AIREMISSION","CO2","TONNE_CAP","A","2018",0.03,
"COD","AIREMISSION","CO2","TONNE_CAP","A","2019",0.03,
"COD","AIREMISSION","CO2","TONNE_CAP","A","2020",0.03,
"COD","AIREMISSION","CO2","TONNE_CAP","A","2021",,"L"
"DOM","AIREMISSION","CO2","TONNE_CAP","A","2017",2.05,
"DOM","AIREMISSION","CO2","TONNE_CAP","A","2018",2.19,
"DOM","AIREMISSION","CO2","TONNE_CAP","A","2019",2.2,
"DOM","AIREMISSION","CO2","TONNE_CAP","A","2020",1.93,
"DOM","AIREMISSION","CO2","TONNE_CAP","A","2021",,"L"
"ECU","AIREMISSION","CO2","TONNE_CAP","A","2017",2.05,
"ECU","AIREMISSION","CO2","TONNE_CAP","A","2018",2.13,
"ECU","AIREMISSION","CO2","TONNE_CAP","A","2019",2.06,
"ECU","AIREMISSION","CO2","TONNE_CAP","A","2020",1.73,
"ECU","AIREMISSION","CO2","TONNE_CAP","A","2021",,"L"
"SLV","AIREMISSION","CO2","TONNE_CAP","A","2017",0.94,
"SLV","AIREMISSION","CO2","TONNE_CAP","A","2018",1,
"SLV","AIREMISSION","CO2","TONNE_CAP","A","2019",1.15,
"SLV","AIREMISSION","CO2","TONNE_CAP","A","2020",0.92,
"SLV","AIREMISSION","CO2","TONNE_CAP","A","2021",,"L"
"ERI","AIREMISSION","CO2","TONNE_CAP","A","2017",0.15,
"ERI","AIREMISSION","CO2","TONNE_CAP","A","2018",0.17,
"ERI","AIREMISSION","CO2","TONNE_CAP","A","2019",0.17,
"ERI","AIREMISSION","CO2","TONNE_CAP","A","2020",0.17,
"ERI","AIREMISSION","CO2","TONNE_CAP","A","2021",,"L"
"GAB","AIREMISSION","CO2","TONNE_CAP","A","2017",1.22,
"GAB","AIREMISSION","CO2","TONNE_CAP","A","2018",1.16,
"GAB","AIREMISSION","CO2","TONNE_CAP","A","2019",1.13,
"GAB","AIREMISSION","CO2","TONNE_CAP","A","2020",1.13,
"GAB","AIREMISSION","CO2","TONNE_CAP","A","2021",,"L"
"GTM","AIREMISSION","CO2","TONNE_CAP","A","2017",0.95,
"GTM","AIREMISSION","CO2","TONNE_CAP","A","2018",1.03,
"GTM","AIREMISSION","CO2","TONNE_CAP","A","2019",1.08,
"GTM","AIREMISSION","CO2","TONNE_CAP","A","2020",0.93,
"GTM","AIREMISSION","CO2","TONNE_CAP","A","2021",,"L"
"HND","AIREMISSION","CO2","TONNE_CAP","A","2017",0.9,
"HND","AIREMISSION","CO2","TONNE_CAP","A","2018",0.86,
"HND","AIREMISSION","CO2","TONNE_CAP","A","2019",0.97,
"HND","AIREMISSION","CO2","TONNE_CAP","A","2020",0.83,
"HND","AIREMISSION","CO2","TONNE_CAP","A","2021",,"L"
"IRQ","AIREMISSION","CO2","TONNE_CAP","A","2017",3.16,
"IRQ","AIREMISSION","CO2","TONNE_CAP","A","2018",3.31,
"IRQ","AIREMISSION","CO2","TONNE_CAP","A","2019",3.52,
"IRQ","AIREMISSION","CO2","TONNE_CAP","A","2020",3.03,
"IRQ","AIREMISSION","CO2","TONNE_CAP","A","2021",,"L"
"JAM","AIREMISSION","CO2","TONNE_CAP","A","2017",2.35,
"JAM","AIREMISSION","CO2","TONNE_CAP","A","2018",2.82,
"JAM","AIREMISSION","CO2","TONNE_CAP","A","2019",2.73,
"JAM","AIREMISSION","CO2","TONNE_CAP","A","2020",1.84,
"JAM","AIREMISSION","CO2","TONNE_CAP","A","2021",,"L"
"JOR","AIREMISSION","CO2","TONNE_CAP","A","2017",2.49,
"JOR","AIREMISSION","CO2","TONNE_CAP","A","2018",2.31,
"JOR","AIREMISSION","CO2","TONNE_CAP","A","2019",2.18,
"JOR","AIREMISSION","CO2","TONNE_CAP","A","2020",1.96,
"JOR","AIREMISSION","CO2","TONNE_CAP","A","2021",,"L"
"KEN","AIREMISSION","CO2","TONNE_CAP","A","2017",0.34,
"KEN","AIREMISSION","CO2","TONNE_CAP","A","2018",0.32,
"KEN","AIREMISSION","CO2","TONNE_CAP","A","2019",0.31,
"KEN","AIREMISSION","CO2","TONNE_CAP","A","2020",0.29,
"KEN","AIREMISSION","CO2","TONNE_CAP","A","2021",,"L"
"KWT","AIREMISSION","CO2","TONNE_CAP","A","2017",21.61,
"KWT","AIREMISSION","CO2","TONNE_CAP","A","2018",21.71,
"KWT","AIREMISSION","CO2","TONNE_CAP","A","2019",21.6,
"KWT","AIREMISSION","CO2","TONNE_CAP","A","2020",20.96,
"KWT","AIREMISSION","CO2","TONNE_CAP","A","2021",,"L"
"KGZ","AIREMISSION","CO2","TONNE_CAP","A","2017",1.41,
"KGZ","AIREMISSION","CO2","TONNE_CAP","A","2018",1.64,
"KGZ","AIREMISSION","CO2","TONNE_CAP","A","2019",1.41,
"KGZ","AIREMISSION","CO2","TONNE_CAP","A","2020",1.24,
"KGZ","AIREMISSION","CO2","TONNE_CAP","A","2021",,"L"
"LBN","AIREMISSION","CO2","TONNE_CAP","A","2017",3.95,
"LBN","AIREMISSION","CO2","TONNE_CAP","A","2018",3.7,
"LBN","AIREMISSION","CO2","TONNE_CAP","A","2019",3.72,
"LBN","AIREMISSION","CO2","TONNE_CAP","A","2020",3.01,
"LBN","AIREMISSION","CO2","TONNE_CAP","A","2021",,"L"
"LBY","AIREMISSION","CO2","TONNE_CAP","A","2017",6.66,
"LBY","AIREMISSION","CO2","TONNE_CAP","A","2018",6.68,
"LBY","AIREMISSION","CO2","TONNE_CAP","A","2019",6.61,
"LBY","AIREMISSION","CO2","TONNE_CAP","A","2020",5.7,
"LBY","AIREMISSION","CO2","TONNE_CAP","A","2021",,"L"
"MNG","AIREMISSION","CO2","TONNE_CAP","A","2017",6.19,
"MNG","AIREMISSION","CO2","TONNE_CAP","A","2018",6.67,
"MNG","AIREMISSION","CO2","TONNE_CAP","A","2019",7.03,
"MNG","AIREMISSION","CO2","TONNE_CAP","A","2020",6.3,
"MNG","AIREMISSION","CO2","TONNE_CAP","A","2021",,"L"
"MAR","AIREMISSION","CO2","TONNE_CAP","A","2017",1.63,
"MAR","AIREMISSION","CO2","TONNE_CAP","A","2018",1.65,
"MAR","AIREMISSION","CO2","TONNE_CAP","A","2019",1.81,
"MAR","AIREMISSION","CO2","TONNE_CAP","A","2020",1.69,
"MAR","AIREMISSION","CO2","TONNE_CAP","A","2021",,"L"
"MMR","AIREMISSION","CO2","TONNE_CAP","A","2017",0.57,
"MMR","AIREMISSION","CO2","TONNE_CAP","A","2018",0.56,
"MMR","AIREMISSION","CO2","TONNE_CAP","A","2019",0.58,
"MMR","AIREMISSION","CO2","TONNE_CAP","A","2020",0.56,
"MMR","AIREMISSION","CO2","TONNE_CAP","A","2021",,"L"
"NAM","AIREMISSION","CO2","TONNE_CAP","A","2017",1.59,
"NAM","AIREMISSION","CO2","TONNE_CAP","A","2018",1.55,
"NAM","AIREMISSION","CO2","TONNE_CAP","A","2019",1.52,
"NAM","AIREMISSION","CO2","TONNE_CAP","A","2020",1.37,
"NAM","AIREMISSION","CO2","TONNE_CAP","A","2021",,"L"
"NPL","AIREMISSION","CO2","TONNE_CAP","A","2017",0.37,
"NPL","AIREMISSION","CO2","TONNE_CAP","A","2018",0.42,
"NPL","AIREMISSION","CO2","TONNE_CAP","A","2019",0.35,
"NPL","AIREMISSION","CO2","TONNE_CAP","A","2020",0.42,
"NPL","AIREMISSION","CO2","TONNE_CAP","A","2021",,"L"
"NIC","AIREMISSION","CO2","TONNE_CAP","A","2017",0.8,
"NIC","AIREMISSION","CO2","TONNE_CAP","A","2018",0.74,
"NIC","AIREMISSION","CO2","TONNE_CAP","A","2019",0.75,
"NIC","AIREMISSION","CO2","TONNE_CAP","A","2020",0.66,
"NIC","AIREMISSION","CO2","TONNE_CAP","A","2021",,"L"
"NER","AIREMISSION","CO2","TONNE_CAP","A","2017",0.08,
"NER","AIREMISSION","CO2","TONNE_CAP","A","2018",0.08,
"NER","AIREMISSION","CO2","TONNE_CAP","A","2019",0.09,
"NER","AIREMISSION","CO2","TONNE_CAP","A","2020",0.09,
"NER","AIREMISSION","CO2","TONNE_CAP","A","2021",,"L"
"OMN","AIREMISSION","CO2","TONNE_CAP","A","2017",13.94,
"OMN","AIREMISSION","CO2","TONNE_CAP","A","2018",14.23,
"OMN","AIREMISSION","CO2","TONNE_CAP","A","2019",13.84,
"OMN","AIREMISSION","CO2","TONNE_CAP","A","2020",12.56,
"OMN","AIREMISSION","CO2","TONNE_CAP","A","2021",,"L"
"PAN","AIREMISSION","CO2","TONNE_CAP","A","2017",2.29,
"PAN","AIREMISSION","CO2","TONNE_CAP","A","2018",2.22,
"PAN","AIREMISSION","CO2","TONNE_CAP","A","2019",2.96,
"PAN","AIREMISSION","CO2","TONNE_CAP","A","2020",2.15,
"PAN","AIREMISSION","CO2","TONNE_CAP","A","2021",,"L"
"QAT","AIREMISSION","CO2","TONNE_CAP","A","2017",30.55,
"QAT","AIREMISSION","CO2","TONNE_CAP","A","2018",29.86,
"QAT","AIREMISSION","CO2","TONNE_CAP","A","2019",30.06,
"QAT","AIREMISSION","CO2","TONNE_CAP","A","2020",29.2,
"QAT","AIREMISSION","CO2","TONNE_CAP","A","2021",,"L"
"SEN","AIREMISSION","CO2","TONNE_CAP","A","2017",0.51,
"SEN","AIREMISSION","CO2","TONNE_CAP","A","2018",0.51,
"SEN","AIREMISSION","CO2","TONNE_CAP","A","2019",0.59,
"SEN","AIREMISSION","CO2","TONNE_CAP","A","2020",0.48,
"SEN","AIREMISSION","CO2","TONNE_CAP","A","2021",,"L"
"LKA","AIREMISSION","CO2","TONNE_CAP","A","2017",1.03,
"LKA","AIREMISSION","CO2","TONNE_CAP","A","2018",0.95,
"LKA","AIREMISSION","CO2","TONNE_CAP","A","2019",1.03,
"LKA","AIREMISSION","CO2","TONNE_CAP","A","2020",0.95,
"LKA","AIREMISSION","CO2","TONNE_CAP","A","2021",,"L"
"SYR","AIREMISSION","CO2","TONNE_CAP","A","2017",1.35,
"SYR","AIREMISSION","CO2","TONNE_CAP","A","2018",1.56,
"SYR","AIREMISSION","CO2","TONNE_CAP","A","2019",1.42,
"SYR","AIREMISSION","CO2","TONNE_CAP","A","2020",1.28,
"SYR","AIREMISSION","CO2","TONNE_CAP","A","2021",,"L"
"TJK","AIREMISSION","CO2","TONNE_CAP","A","2017",0.59,
"TJK","AIREMISSION","CO2","TONNE_CAP","A","2018",0.68,
"TJK","AIREMISSION","CO2","TONNE_CAP","A","2019",0.74,
"TJK","AIREMISSION","CO2","TONNE_CAP","A","2020",0.76,
"TJK","AIREMISSION","CO2","TONNE_CAP","A","2021",,"L"
"TGO","AIREMISSION","CO2","TONNE_CAP","A","2017",0.16,
"TGO","AIREMISSION","CO2","TONNE_CAP","A","2018",0.18,
"TGO","AIREMISSION","CO2","TONNE_CAP","A","2019",0.19,
"TGO","AIREMISSION","CO2","TONNE_CAP","A","2020",0.19,
"TGO","AIREMISSION","CO2","TONNE_CAP","A","2021",,"L"
"TTO","AIREMISSION","CO2","TONNE_CAP","A","2017",12.72,
"TTO","AIREMISSION","CO2","TONNE_CAP","A","2018",12.35,
"TTO","AIREMISSION","CO2","TONNE_CAP","A","2019",11.9,
"TTO","AIREMISSION","CO2","TONNE_CAP","A","2020",10.61,
"TTO","AIREMISSION","CO2","TONNE_CAP","A","2021",,"L"
"TUN","AIREMISSION","CO2","TONNE_CAP","A","2017",2.29,
"TUN","AIREMISSION","CO2","TONNE_CAP","A","2018",2.26,
"TUN","AIREMISSION","CO2","TONNE_CAP","A","2019",2.25,
"TUN","AIREMISSION","CO2","TONNE_CAP","A","2020",2.13,
"TUN","AIREMISSION","CO2","TONNE_CAP","A","2021",,"L"
"TKM","AIREMISSION","CO2","TONNE_CAP","A","2017",10.38,
"TKM","AIREMISSION","CO2","TONNE_CAP","A","2018",10.22,
"TKM","AIREMISSION","CO2","TONNE_CAP","A","2019",10.12,
"TKM","AIREMISSION","CO2","TONNE_CAP","A","2020",9.98,
"TKM","AIREMISSION","CO2","TONNE_CAP","A","2021",,"L"
"UZB","AIREMISSION","CO2","TONNE_CAP","A","2017",3.23,
"UZB","AIREMISSION","CO2","TONNE_CAP","A","2018",3.26,
"UZB","AIREMISSION","CO2","TONNE_CAP","A","2019",3.33,
"UZB","AIREMISSION","CO2","TONNE_CAP","A","2020",3.2,
"UZB","AIREMISSION","CO2","TONNE_CAP","A","2021",,"L"
"VEN","AIREMISSION","CO2","TONNE_CAP","A","2017",4.2,
"VEN","AIREMISSION","CO2","TONNE_CAP","A","2018",3.9,
"VEN","AIREMISSION","CO2","TONNE_CAP","A","2019",3.07,
"VEN","AIREMISSION","CO2","TONNE_CAP","A","2020",1.91,
"VEN","AIREMISSION","CO2","TONNE_CAP","A","2021",,"L"
"YEM","AIREMISSION","CO2","TONNE_CAP","A","2017",0.3,
"YEM","AIREMISSION","CO2","TONNE_CAP","A","2018",0.35,
"YEM","AIREMISSION","CO2","TONNE_CAP","A","2019",0.33,
"YEM","AIREMISSION","CO2","TONNE_CAP","A","2020",0.29,
"YEM","AIREMISSION","CO2","TONNE_CAP","A","2021",,"L"
"ZWE","AIREMISSION","CO2","TONNE_CAP","A","2017",0.65,
"ZWE","AIREMISSION","CO2","TONNE_CAP","A","2018",0.73,
"ZWE","AIREMISSION","CO2","TONNE_CAP","A","2019",0.66,
"ZWE","AIREMISSION","CO2","TONNE_CAP","A","2020",0.53,
"ZWE","AIREMISSION","CO2","TONNE_CAP","A","2021",,"L"
"LAO","AIREMISSION","CO2","TONNE_CAP","A","2017",2.52,
"LAO","AIREMISSION","CO2","TONNE_CAP","A","2018",2.53,
"LAO","AIREMISSION","CO2","TONNE_CAP","A","2019",2.4,
"LAO","AIREMISSION","CO2","TONNE_CAP","A","2020",2.31,
"LAO","AIREMISSION","CO2","TONNE_CAP","A","2021",,"L"
"EU27_2020","AIREMISSION","CO2","TONNE_CAP","A","2017",6.41,
"EU27_2020","AIREMISSION","CO2","TONNE_CAP","A","2018",6.25,
"EU27_2020","AIREMISSION","CO2","TONNE_CAP","A","2019",5.93,
"EU27_2020","AIREMISSION","CO2","TONNE_CAP","A","2020",5.34,
"EU27_2020","AIREMISSION","CO2","TONNE_CAP","A","2021",6.15,
"GNQ","AIREMISSION","CO2","TONNE_CAP","A","2017",3.82,
"GNQ","AIREMISSION","CO2","TONNE_CAP","A","2018",3.45,
"GNQ","AIREMISSION","CO2","TONNE_CAP","A","2019",3.19,
"GNQ","AIREMISSION","CO2","TONNE_CAP","A","2020",2.71,
"GNQ","AIREMISSION","CO2","TONNE_CAP","A","2021",,"L"
"MDG","AIREMISSION","CO2","TONNE_CAP","A","2017",0.13,
"MDG","AIREMISSION","CO2","TONNE_CAP","A","2018",0.12,
"MDG","AIREMISSION","CO2","TONNE_CAP","A","2019",0.14,
"MDG","AIREMISSION","CO2","TONNE_CAP","A","2020",0.1,
"MDG","AIREMISSION","CO2","TONNE_CAP","A","2021",,"L"
"RWA","AIREMISSION","CO2","TONNE_CAP","A","2017",0.09,
"RWA","AIREMISSION","CO2","TONNE_CAP","A","2018",0.1,
"RWA","AIREMISSION","CO2","TONNE_CAP","A","2019",0.1,
"RWA","AIREMISSION","CO2","TONNE_CAP","A","2020",0.1,
"RWA","AIREMISSION","CO2","TONNE_CAP","A","2021",,"L"
"SWZ","AIREMISSION","CO2","TONNE_CAP","A","2017",0.98,
"SWZ","AIREMISSION","CO2","TONNE_CAP","A","2018",0.97,
"SWZ","AIREMISSION","CO2","TONNE_CAP","A","2019",1.02,
"SWZ","AIREMISSION","CO2","TONNE_CAP","A","2020",0.99,
"SWZ","AIREMISSION","CO2","TONNE_CAP","A","2021",,"L"
"UGA","AIREMISSION","CO2","TONNE_CAP","A","2017",0.12,
"UGA","AIREMISSION","CO2","TONNE_CAP","A","2018",0.13,
"UGA","AIREMISSION","CO2","TONNE_CAP","A","2019",0.12,
"UGA","AIREMISSION","CO2","TONNE_CAP","A","2020",0.11,
"UGA","AIREMISSION","CO2","TONNE_CAP","A","2021",,"L"
